{
  "runtime": "edge",
  "name": "src/middleware",
  "deploymentTarget": "v8-worker",
  "entrypoint": "index.js",
  "assets": [],
  "framework": {
    "slug": "nextjs",
    "version": "15.5.4"
  },
  "environment": {
    "__NEXT_BUILD_ID": "qr841cs95hoj_ZeLAw6bm",
    "NEXT_SERVER_ACTIONS_ENCRYPTION_KEY": "gtxePyZWg9Mc2/kShSCX7IZQ2PKQYOH2FDfCTMyUbSc=",
    "__NEXT_PREVIEW_MODE_ID": "72492b300b2f141cc13edc1db0dbf7fe",
    "__NEXT_PREVIEW_MODE_SIGNING_KEY": "20f08c8d7574cbd3f3a1e7c1b5cd8ef9cd7b5674bc864fa32b369e5257f016f6",
    "__NEXT_PREVIEW_MODE_ENCRYPTION_KEY": "d7b37b45f1389a87557f48b8be489e4faa34f0c6652f8458ff4fd9ca6efd408b"
  }
}
