{
  "type": "Prerender",
  "expiration": false,
  "group": 3,
  "bypassToken": "72492b300b2f141cc13edc1db0dbf7fe",
  "experimentalBypassFor": [
    {
      "type": "header",
      "key": "next-action"
    },
    {
      "type": "header",
      "key": "content-type",
      "value": "multipart/form-data;.*"
    }
  ],
  "fallback": {
    "type": "FileFsRef",
    "mode": 33188,
    "contentType": "application/rss+xml; charset=utf-8",
    "fsPath": "rss.xml.prerender-fallback.body"
  },
  "initialHeaders": {
    "cache-control": "public, s-maxage=3600, stale-while-revalidate=86400",
    "content-type": "application/rss+xml; charset=utf-8",
    "x-next-cache-tags": "_N_T_/layout,_N_T_/guides/layout,_N_T_/guides/rss.xml/layout,_N_T_/guides/rss.xml/route,_N_T_/guides/rss.xml",
    "vary": "rsc, next-router-state-tree, next-router-prefetch, next-router-segment-prefetch"
  },
  "allowQuery": [],
  "allowHeader": [
    "host",
    "x-matched-path",
    "x-prerender-revalidate",
    "x-prerender-revalidate-if-generated",
    "x-next-revalidated-tags",
    "x-next-revalidate-tag-token"
  ]
}
