{
  "operationType": "API",
  "handler": "___next_launcher.cjs",
  "runtime": "nodejs22.x",
  "architecture": "arm64",
  "environment": {},
  "supportsMultiPayloads": true,
  "supportsResponseStreaming": true,
  "framework": {
    "slug": "nextjs",
    "version": "15.5.4"
  },
  "experimentalAllowBundling": false,
  "launcherType": "Nodejs",
  "shouldAddHelpers": false,
  "shouldAddSourcemapSupport": false,
  "filePathMap": {
    "node_modules/@next/env/dist/index.js": "node_modules/@next/env/dist/index.js",
    "node_modules/@next/env/package.json": "node_modules/@next/env/package.json",
    "node_modules/@swc/helpers/_/_class_private_field_loose_base/package.json": "node_modules/@swc/helpers/_/_class_private_field_loose_base/package.json",
    "node_modules/@swc/helpers/_/_class_private_field_loose_key/package.json": "node_modules/@swc/helpers/_/_class_private_field_loose_key/package.json",
    "node_modules/@swc/helpers/_/_interop_require_default/package.json": "node_modules/@swc/helpers/_/_interop_require_default/package.json",
    "node_modules/@swc/helpers/_/_interop_require_wildcard/package.json": "node_modules/@swc/helpers/_/_interop_require_wildcard/package.json",
    "node_modules/@swc/helpers/cjs/_class_private_field_loose_base.cjs": "node_modules/@swc/helpers/cjs/_class_private_field_loose_base.cjs",
    "node_modules/@swc/helpers/cjs/_class_private_field_loose_key.cjs": "node_modules/@swc/helpers/cjs/_class_private_field_loose_key.cjs",
    "node_modules/@swc/helpers/cjs/_interop_require_default.cjs": "node_modules/@swc/helpers/cjs/_interop_require_default.cjs",
    "node_modules/@swc/helpers/cjs/_interop_require_wildcard.cjs": "node_modules/@swc/helpers/cjs/_interop_require_wildcard.cjs",
    "node_modules/@swc/helpers/package.json": "node_modules/@swc/helpers/package.json",
    "node_modules/caniuse-lite/data/agents.js": "node_modules/caniuse-lite/data/agents.js",
    "node_modules/caniuse-lite/data/browserVersions.js": "node_modules/caniuse-lite/data/browserVersions.js",
    "node_modules/caniuse-lite/data/browsers.js": "node_modules/caniuse-lite/data/browsers.js",
    "node_modules/caniuse-lite/dist/lib/statuses.js": "node_modules/caniuse-lite/dist/lib/statuses.js",
    "node_modules/caniuse-lite/dist/lib/supported.js": "node_modules/caniuse-lite/dist/lib/supported.js",
    "node_modules/caniuse-lite/dist/unpacker/agents.js": "node_modules/caniuse-lite/dist/unpacker/agents.js",
    "node_modules/caniuse-lite/dist/unpacker/browserVersions.js": "node_modules/caniuse-lite/dist/unpacker/browserVersions.js",
    "node_modules/caniuse-lite/dist/unpacker/browsers.js": "node_modules/caniuse-lite/dist/unpacker/browsers.js",
    "node_modules/caniuse-lite/dist/unpacker/feature.js": "node_modules/caniuse-lite/dist/unpacker/feature.js",
    "node_modules/caniuse-lite/dist/unpacker/region.js": "node_modules/caniuse-lite/dist/unpacker/region.js",
    "node_modules/caniuse-lite/package.json": "node_modules/caniuse-lite/package.json",
    "node_modules/client-only/index.js": "node_modules/client-only/index.js",
    "node_modules/client-only/package.json": "node_modules/client-only/package.json",
    "node_modules/next/dist/build/output/log.js": "node_modules/next/dist/build/output/log.js",
    "node_modules/next/dist/client/add-base-path.js": "node_modules/next/dist/client/add-base-path.js",
    "node_modules/next/dist/client/app-build-id.js": "node_modules/next/dist/client/app-build-id.js",
    "node_modules/next/dist/client/app-call-server.js": "node_modules/next/dist/client/app-call-server.js",
    "node_modules/next/dist/client/app-find-source-map-url.js": "node_modules/next/dist/client/app-find-source-map-url.js",
    "node_modules/next/dist/client/assign-location.js": "node_modules/next/dist/client/assign-location.js",
    "node_modules/next/dist/client/components/app-router-announcer.js": "node_modules/next/dist/client/components/app-router-announcer.js",
    "node_modules/next/dist/client/components/app-router-headers.js": "node_modules/next/dist/client/components/app-router-headers.js",
    "node_modules/next/dist/client/components/app-router-instance.js": "node_modules/next/dist/client/components/app-router-instance.js",
    "node_modules/next/dist/client/components/app-router.js": "node_modules/next/dist/client/components/app-router.js",
    "node_modules/next/dist/client/components/bailout-to-client-rendering.js": "node_modules/next/dist/client/components/bailout-to-client-rendering.js",
    "node_modules/next/dist/client/components/builtin/default.js": "node_modules/next/dist/client/components/builtin/default.js",
    "node_modules/next/dist/client/components/builtin/global-error.js": "node_modules/next/dist/client/components/builtin/global-error.js",
    "node_modules/next/dist/client/components/dev-root-http-access-fallback-boundary.js": "node_modules/next/dist/client/components/dev-root-http-access-fallback-boundary.js",
    "node_modules/next/dist/client/components/error-boundary.js": "node_modules/next/dist/client/components/error-boundary.js",
    "node_modules/next/dist/client/components/errors/graceful-degrade-boundary.js": "node_modules/next/dist/client/components/errors/graceful-degrade-boundary.js",
    "node_modules/next/dist/client/components/errors/root-error-boundary.js": "node_modules/next/dist/client/components/errors/root-error-boundary.js",
    "node_modules/next/dist/client/components/forbidden.js": "node_modules/next/dist/client/components/forbidden.js",
    "node_modules/next/dist/client/components/handle-isr-error.js": "node_modules/next/dist/client/components/handle-isr-error.js",
    "node_modules/next/dist/client/components/hooks-server-context.js": "node_modules/next/dist/client/components/hooks-server-context.js",
    "node_modules/next/dist/client/components/http-access-fallback/error-boundary.js": "node_modules/next/dist/client/components/http-access-fallback/error-boundary.js",
    "node_modules/next/dist/client/components/http-access-fallback/http-access-fallback.js": "node_modules/next/dist/client/components/http-access-fallback/http-access-fallback.js",
    "node_modules/next/dist/client/components/is-next-router-error.js": "node_modules/next/dist/client/components/is-next-router-error.js",
    "node_modules/next/dist/client/components/links.js": "node_modules/next/dist/client/components/links.js",
    "node_modules/next/dist/client/components/match-segments.js": "node_modules/next/dist/client/components/match-segments.js",
    "node_modules/next/dist/client/components/nav-failure-handler.js": "node_modules/next/dist/client/components/nav-failure-handler.js",
    "node_modules/next/dist/client/components/navigation-untracked.js": "node_modules/next/dist/client/components/navigation-untracked.js",
    "node_modules/next/dist/client/components/navigation.js": "node_modules/next/dist/client/components/navigation.js",
    "node_modules/next/dist/client/components/navigation.react-server.js": "node_modules/next/dist/client/components/navigation.react-server.js",
    "node_modules/next/dist/client/components/not-found.js": "node_modules/next/dist/client/components/not-found.js",
    "node_modules/next/dist/client/components/promise-queue.js": "node_modules/next/dist/client/components/promise-queue.js",
    "node_modules/next/dist/client/components/redirect-boundary.js": "node_modules/next/dist/client/components/redirect-boundary.js",
    "node_modules/next/dist/client/components/redirect-error.js": "node_modules/next/dist/client/components/redirect-error.js",
    "node_modules/next/dist/client/components/redirect-status-code.js": "node_modules/next/dist/client/components/redirect-status-code.js",
    "node_modules/next/dist/client/components/redirect.js": "node_modules/next/dist/client/components/redirect.js",
    "node_modules/next/dist/client/components/router-reducer/aliased-prefetch-navigations.js": "node_modules/next/dist/client/components/router-reducer/aliased-prefetch-navigations.js",
    "node_modules/next/dist/client/components/router-reducer/apply-flight-data.js": "node_modules/next/dist/client/components/router-reducer/apply-flight-data.js",
    "node_modules/next/dist/client/components/router-reducer/apply-router-state-patch-to-tree.js": "node_modules/next/dist/client/components/router-reducer/apply-router-state-patch-to-tree.js",
    "node_modules/next/dist/client/components/router-reducer/clear-cache-node-data-for-segment-path.js": "node_modules/next/dist/client/components/router-reducer/clear-cache-node-data-for-segment-path.js",
    "node_modules/next/dist/client/components/router-reducer/compute-changed-path.js": "node_modules/next/dist/client/components/router-reducer/compute-changed-path.js",
    "node_modules/next/dist/client/components/router-reducer/create-href-from-url.js": "node_modules/next/dist/client/components/router-reducer/create-href-from-url.js",
    "node_modules/next/dist/client/components/router-reducer/create-initial-router-state.js": "node_modules/next/dist/client/components/router-reducer/create-initial-router-state.js",
    "node_modules/next/dist/client/components/router-reducer/create-router-cache-key.js": "node_modules/next/dist/client/components/router-reducer/create-router-cache-key.js",
    "node_modules/next/dist/client/components/router-reducer/fetch-server-response.js": "node_modules/next/dist/client/components/router-reducer/fetch-server-response.js",
    "node_modules/next/dist/client/components/router-reducer/fill-cache-with-new-subtree-data.js": "node_modules/next/dist/client/components/router-reducer/fill-cache-with-new-subtree-data.js",
    "node_modules/next/dist/client/components/router-reducer/fill-lazy-items-till-leaf-with-head.js": "node_modules/next/dist/client/components/router-reducer/fill-lazy-items-till-leaf-with-head.js",
    "node_modules/next/dist/client/components/router-reducer/handle-mutable.js": "node_modules/next/dist/client/components/router-reducer/handle-mutable.js",
    "node_modules/next/dist/client/components/router-reducer/handle-segment-mismatch.js": "node_modules/next/dist/client/components/router-reducer/handle-segment-mismatch.js",
    "node_modules/next/dist/client/components/router-reducer/invalidate-cache-below-flight-segmentpath.js": "node_modules/next/dist/client/components/router-reducer/invalidate-cache-below-flight-segmentpath.js",
    "node_modules/next/dist/client/components/router-reducer/invalidate-cache-by-router-state.js": "node_modules/next/dist/client/components/router-reducer/invalidate-cache-by-router-state.js",
    "node_modules/next/dist/client/components/router-reducer/is-navigating-to-new-root-layout.js": "node_modules/next/dist/client/components/router-reducer/is-navigating-to-new-root-layout.js",
    "node_modules/next/dist/client/components/router-reducer/ppr-navigations.js": "node_modules/next/dist/client/components/router-reducer/ppr-navigations.js",
    "node_modules/next/dist/client/components/router-reducer/prefetch-cache-utils.js": "node_modules/next/dist/client/components/router-reducer/prefetch-cache-utils.js",
    "node_modules/next/dist/client/components/router-reducer/reducers/find-head-in-cache.js": "node_modules/next/dist/client/components/router-reducer/reducers/find-head-in-cache.js",
    "node_modules/next/dist/client/components/router-reducer/reducers/get-segment-value.js": "node_modules/next/dist/client/components/router-reducer/reducers/get-segment-value.js",
    "node_modules/next/dist/client/components/router-reducer/reducers/has-interception-route-in-current-tree.js": "node_modules/next/dist/client/components/router-reducer/reducers/has-interception-route-in-current-tree.js",
    "node_modules/next/dist/client/components/router-reducer/reducers/hmr-refresh-reducer.js": "node_modules/next/dist/client/components/router-reducer/reducers/hmr-refresh-reducer.js",
    "node_modules/next/dist/client/components/router-reducer/reducers/navigate-reducer.js": "node_modules/next/dist/client/components/router-reducer/reducers/navigate-reducer.js",
    "node_modules/next/dist/client/components/router-reducer/reducers/prefetch-reducer.js": "node_modules/next/dist/client/components/router-reducer/reducers/prefetch-reducer.js",
    "node_modules/next/dist/client/components/router-reducer/reducers/refresh-reducer.js": "node_modules/next/dist/client/components/router-reducer/reducers/refresh-reducer.js",
    "node_modules/next/dist/client/components/router-reducer/reducers/restore-reducer.js": "node_modules/next/dist/client/components/router-reducer/reducers/restore-reducer.js",
    "node_modules/next/dist/client/components/router-reducer/reducers/server-action-reducer.js": "node_modules/next/dist/client/components/router-reducer/reducers/server-action-reducer.js",
    "node_modules/next/dist/client/components/router-reducer/reducers/server-patch-reducer.js": "node_modules/next/dist/client/components/router-reducer/reducers/server-patch-reducer.js",
    "node_modules/next/dist/client/components/router-reducer/refetch-inactive-parallel-segments.js": "node_modules/next/dist/client/components/router-reducer/refetch-inactive-parallel-segments.js",
    "node_modules/next/dist/client/components/router-reducer/router-reducer-types.js": "node_modules/next/dist/client/components/router-reducer/router-reducer-types.js",
    "node_modules/next/dist/client/components/router-reducer/router-reducer.js": "node_modules/next/dist/client/components/router-reducer/router-reducer.js",
    "node_modules/next/dist/client/components/router-reducer/set-cache-busting-search-param.js": "node_modules/next/dist/client/components/router-reducer/set-cache-busting-search-param.js",
    "node_modules/next/dist/client/components/router-reducer/should-hard-navigate.js": "node_modules/next/dist/client/components/router-reducer/should-hard-navigate.js",
    "node_modules/next/dist/client/components/segment-cache-impl/cache-key.js": "node_modules/next/dist/client/components/segment-cache-impl/cache-key.js",
    "node_modules/next/dist/client/components/segment-cache-impl/cache.js": "node_modules/next/dist/client/components/segment-cache-impl/cache.js",
    "node_modules/next/dist/client/components/segment-cache-impl/lru.js": "node_modules/next/dist/client/components/segment-cache-impl/lru.js",
    "node_modules/next/dist/client/components/segment-cache-impl/navigation.js": "node_modules/next/dist/client/components/segment-cache-impl/navigation.js",
    "node_modules/next/dist/client/components/segment-cache-impl/prefetch.js": "node_modules/next/dist/client/components/segment-cache-impl/prefetch.js",
    "node_modules/next/dist/client/components/segment-cache-impl/scheduler.js": "node_modules/next/dist/client/components/segment-cache-impl/scheduler.js",
    "node_modules/next/dist/client/components/segment-cache-impl/tuple-map.js": "node_modules/next/dist/client/components/segment-cache-impl/tuple-map.js",
    "node_modules/next/dist/client/components/segment-cache.js": "node_modules/next/dist/client/components/segment-cache.js",
    "node_modules/next/dist/client/components/static-generation-bailout.js": "node_modules/next/dist/client/components/static-generation-bailout.js",
    "node_modules/next/dist/client/components/unauthorized.js": "node_modules/next/dist/client/components/unauthorized.js",
    "node_modules/next/dist/client/components/unrecognized-action-error.js": "node_modules/next/dist/client/components/unrecognized-action-error.js",
    "node_modules/next/dist/client/components/unresolved-thenable.js": "node_modules/next/dist/client/components/unresolved-thenable.js",
    "node_modules/next/dist/client/components/unstable-rethrow.browser.js": "node_modules/next/dist/client/components/unstable-rethrow.browser.js",
    "node_modules/next/dist/client/components/unstable-rethrow.js": "node_modules/next/dist/client/components/unstable-rethrow.js",
    "node_modules/next/dist/client/components/unstable-rethrow.server.js": "node_modules/next/dist/client/components/unstable-rethrow.server.js",
    "node_modules/next/dist/client/components/use-action-queue.js": "node_modules/next/dist/client/components/use-action-queue.js",
    "node_modules/next/dist/client/dev/hot-reloader/app/hot-reloader-app.js": "node_modules/next/dist/client/dev/hot-reloader/app/hot-reloader-app.js",
    "node_modules/next/dist/client/dev/hot-reloader/app/use-websocket.js": "node_modules/next/dist/client/dev/hot-reloader/app/use-websocket.js",
    "node_modules/next/dist/client/dev/hot-reloader/get-socket-url.js": "node_modules/next/dist/client/dev/hot-reloader/get-socket-url.js",
    "node_modules/next/dist/client/dev/hot-reloader/shared.js": "node_modules/next/dist/client/dev/hot-reloader/shared.js",
    "node_modules/next/dist/client/dev/hot-reloader/turbopack-hot-reloader-common.js": "node_modules/next/dist/client/dev/hot-reloader/turbopack-hot-reloader-common.js",
    "node_modules/next/dist/client/dev/report-hmr-latency.js": "node_modules/next/dist/client/dev/report-hmr-latency.js",
    "node_modules/next/dist/client/dev/runtime-error-handler.js": "node_modules/next/dist/client/dev/runtime-error-handler.js",
    "node_modules/next/dist/client/flight-data-helpers.js": "node_modules/next/dist/client/flight-data-helpers.js",
    "node_modules/next/dist/client/has-base-path.js": "node_modules/next/dist/client/has-base-path.js",
    "node_modules/next/dist/client/lib/console.js": "node_modules/next/dist/client/lib/console.js",
    "node_modules/next/dist/client/normalize-trailing-slash.js": "node_modules/next/dist/client/normalize-trailing-slash.js",
    "node_modules/next/dist/client/remove-base-path.js": "node_modules/next/dist/client/remove-base-path.js",
    "node_modules/next/dist/client/route-params.js": "node_modules/next/dist/client/route-params.js",
    "node_modules/next/dist/compiled/@edge-runtime/cookies/index.js": "node_modules/next/dist/compiled/@edge-runtime/cookies/index.js",
    "node_modules/next/dist/compiled/@edge-runtime/cookies/package.json": "node_modules/next/dist/compiled/@edge-runtime/cookies/package.json",
    "node_modules/next/dist/compiled/@mswjs/interceptors/ClientRequest/index.js": "node_modules/next/dist/compiled/@mswjs/interceptors/ClientRequest/index.js",
    "node_modules/next/dist/compiled/@mswjs/interceptors/ClientRequest/package.json": "node_modules/next/dist/compiled/@mswjs/interceptors/ClientRequest/package.json",
    "node_modules/next/dist/compiled/@opentelemetry/api/index.js": "node_modules/next/dist/compiled/@opentelemetry/api/index.js",
    "node_modules/next/dist/compiled/@opentelemetry/api/package.json": "node_modules/next/dist/compiled/@opentelemetry/api/package.json",
    "node_modules/next/dist/compiled/babel-packages/package.json": "node_modules/next/dist/compiled/babel-packages/package.json",
    "node_modules/next/dist/compiled/babel-packages/packages-bundle.js": "node_modules/next/dist/compiled/babel-packages/packages-bundle.js",
    "node_modules/next/dist/compiled/babel/bundle.js": "node_modules/next/dist/compiled/babel/bundle.js",
    "node_modules/next/dist/compiled/babel/code-frame.js": "node_modules/next/dist/compiled/babel/code-frame.js",
    "node_modules/next/dist/compiled/babel/core.js": "node_modules/next/dist/compiled/babel/core.js",
    "node_modules/next/dist/compiled/babel/package.json": "node_modules/next/dist/compiled/babel/package.json",
    "node_modules/next/dist/compiled/babel/parser.js": "node_modules/next/dist/compiled/babel/parser.js",
    "node_modules/next/dist/compiled/babel/traverse.js": "node_modules/next/dist/compiled/babel/traverse.js",
    "node_modules/next/dist/compiled/babel/types.js": "node_modules/next/dist/compiled/babel/types.js",
    "node_modules/next/dist/compiled/browserslist/index.js": "node_modules/next/dist/compiled/browserslist/index.js",
    "node_modules/next/dist/compiled/browserslist/package.json": "node_modules/next/dist/compiled/browserslist/package.json",
    "node_modules/next/dist/compiled/busboy/index.js": "node_modules/next/dist/compiled/busboy/index.js",
    "node_modules/next/dist/compiled/busboy/package.json": "node_modules/next/dist/compiled/busboy/package.json",
    "node_modules/next/dist/compiled/bytes/index.js": "node_modules/next/dist/compiled/bytes/index.js",
    "node_modules/next/dist/compiled/bytes/package.json": "node_modules/next/dist/compiled/bytes/package.json",
    "node_modules/next/dist/compiled/cookie/index.js": "node_modules/next/dist/compiled/cookie/index.js",
    "node_modules/next/dist/compiled/cookie/package.json": "node_modules/next/dist/compiled/cookie/package.json",
    "node_modules/next/dist/compiled/debug/index.js": "node_modules/next/dist/compiled/debug/index.js",
    "node_modules/next/dist/compiled/debug/package.json": "node_modules/next/dist/compiled/debug/package.json",
    "node_modules/next/dist/compiled/edge-runtime/index.js": "node_modules/next/dist/compiled/edge-runtime/index.js",
    "node_modules/next/dist/compiled/edge-runtime/package.json": "node_modules/next/dist/compiled/edge-runtime/package.json",
    "node_modules/next/dist/compiled/fresh/index.js": "node_modules/next/dist/compiled/fresh/index.js",
    "node_modules/next/dist/compiled/fresh/package.json": "node_modules/next/dist/compiled/fresh/package.json",
    "node_modules/next/dist/compiled/json5/index.js": "node_modules/next/dist/compiled/json5/index.js",
    "node_modules/next/dist/compiled/json5/package.json": "node_modules/next/dist/compiled/json5/package.json",
    "node_modules/next/dist/compiled/jsonwebtoken/index.js": "node_modules/next/dist/compiled/jsonwebtoken/index.js",
    "node_modules/next/dist/compiled/jsonwebtoken/package.json": "node_modules/next/dist/compiled/jsonwebtoken/package.json",
    "node_modules/next/dist/compiled/lru-cache/index.js": "node_modules/next/dist/compiled/lru-cache/index.js",
    "node_modules/next/dist/compiled/lru-cache/package.json": "node_modules/next/dist/compiled/lru-cache/package.json",
    "node_modules/next/dist/compiled/nanoid/index.cjs": "node_modules/next/dist/compiled/nanoid/index.cjs",
    "node_modules/next/dist/compiled/nanoid/package.json": "node_modules/next/dist/compiled/nanoid/package.json",
    "node_modules/next/dist/compiled/next-devtools/index.js": "node_modules/next/dist/compiled/next-devtools/index.js",
    "node_modules/next/dist/compiled/next-server/app-page-experimental.runtime.prod.js": "node_modules/next/dist/compiled/next-server/app-page-experimental.runtime.prod.js",
    "node_modules/next/dist/compiled/next-server/app-page-turbo-experimental.runtime.prod.js": "node_modules/next/dist/compiled/next-server/app-page-turbo-experimental.runtime.prod.js",
    "node_modules/next/dist/compiled/next-server/app-page-turbo.runtime.prod.js": "node_modules/next/dist/compiled/next-server/app-page-turbo.runtime.prod.js",
    "node_modules/next/dist/compiled/next-server/app-page.runtime.prod.js": "node_modules/next/dist/compiled/next-server/app-page.runtime.prod.js",
    "node_modules/next/dist/compiled/next-server/pages-turbo.runtime.prod.js": "node_modules/next/dist/compiled/next-server/pages-turbo.runtime.prod.js",
    "node_modules/next/dist/compiled/next-server/pages.runtime.prod.js": "node_modules/next/dist/compiled/next-server/pages.runtime.prod.js",
    "node_modules/next/dist/compiled/p-queue/index.js": "node_modules/next/dist/compiled/p-queue/index.js",
    "node_modules/next/dist/compiled/p-queue/package.json": "node_modules/next/dist/compiled/p-queue/package.json",
    "node_modules/next/dist/compiled/path-browserify/index.js": "node_modules/next/dist/compiled/path-browserify/index.js",
    "node_modules/next/dist/compiled/path-browserify/package.json": "node_modules/next/dist/compiled/path-browserify/package.json",
    "node_modules/next/dist/compiled/path-to-regexp/index.js": "node_modules/next/dist/compiled/path-to-regexp/index.js",
    "node_modules/next/dist/compiled/path-to-regexp/package.json": "node_modules/next/dist/compiled/path-to-regexp/package.json",
    "node_modules/next/dist/compiled/react-is/cjs/react-is.development.js": "node_modules/next/dist/compiled/react-is/cjs/react-is.development.js",
    "node_modules/next/dist/compiled/react-is/cjs/react-is.production.js": "node_modules/next/dist/compiled/react-is/cjs/react-is.production.js",
    "node_modules/next/dist/compiled/react-is/index.js": "node_modules/next/dist/compiled/react-is/index.js",
    "node_modules/next/dist/compiled/react-is/package.json": "node_modules/next/dist/compiled/react-is/package.json",
    "node_modules/next/dist/compiled/safe-stable-stringify/index.js": "node_modules/next/dist/compiled/safe-stable-stringify/index.js",
    "node_modules/next/dist/compiled/safe-stable-stringify/package.json": "node_modules/next/dist/compiled/safe-stable-stringify/package.json",
    "node_modules/next/dist/compiled/semver/index.js": "node_modules/next/dist/compiled/semver/index.js",
    "node_modules/next/dist/compiled/semver/package.json": "node_modules/next/dist/compiled/semver/package.json",
    "node_modules/next/dist/compiled/send/index.js": "node_modules/next/dist/compiled/send/index.js",
    "node_modules/next/dist/compiled/send/package.json": "node_modules/next/dist/compiled/send/package.json",
    "node_modules/next/dist/compiled/source-map/package.json": "node_modules/next/dist/compiled/source-map/package.json",
    "node_modules/next/dist/compiled/source-map/source-map.js": "node_modules/next/dist/compiled/source-map/source-map.js",
    "node_modules/next/dist/compiled/stacktrace-parser/package.json": "node_modules/next/dist/compiled/stacktrace-parser/package.json",
    "node_modules/next/dist/compiled/stacktrace-parser/stack-trace-parser.cjs.js": "node_modules/next/dist/compiled/stacktrace-parser/stack-trace-parser.cjs.js",
    "node_modules/next/dist/compiled/string-hash/index.js": "node_modules/next/dist/compiled/string-hash/index.js",
    "node_modules/next/dist/compiled/string-hash/package.json": "node_modules/next/dist/compiled/string-hash/package.json",
    "node_modules/next/dist/compiled/strip-ansi/index.js": "node_modules/next/dist/compiled/strip-ansi/index.js",
    "node_modules/next/dist/compiled/strip-ansi/package.json": "node_modules/next/dist/compiled/strip-ansi/package.json",
    "node_modules/next/dist/compiled/superstruct/index.cjs": "node_modules/next/dist/compiled/superstruct/index.cjs",
    "node_modules/next/dist/compiled/superstruct/package.json": "node_modules/next/dist/compiled/superstruct/package.json",
    "node_modules/next/dist/compiled/ws/index.js": "node_modules/next/dist/compiled/ws/index.js",
    "node_modules/next/dist/compiled/ws/package.json": "node_modules/next/dist/compiled/ws/package.json",
    "node_modules/next/dist/experimental/testmode/context.js": "node_modules/next/dist/experimental/testmode/context.js",
    "node_modules/next/dist/experimental/testmode/fetch.js": "node_modules/next/dist/experimental/testmode/fetch.js",
    "node_modules/next/dist/experimental/testmode/httpget.js": "node_modules/next/dist/experimental/testmode/httpget.js",
    "node_modules/next/dist/experimental/testmode/server-edge.js": "node_modules/next/dist/experimental/testmode/server-edge.js",
    "node_modules/next/dist/experimental/testmode/server.js": "node_modules/next/dist/experimental/testmode/server.js",
    "node_modules/next/dist/lib/batcher.js": "node_modules/next/dist/lib/batcher.js",
    "node_modules/next/dist/lib/client-and-server-references.js": "node_modules/next/dist/lib/client-and-server-references.js",
    "node_modules/next/dist/lib/constants.js": "node_modules/next/dist/lib/constants.js",
    "node_modules/next/dist/lib/detached-promise.js": "node_modules/next/dist/lib/detached-promise.js",
    "node_modules/next/dist/lib/error-telemetry-utils.js": "node_modules/next/dist/lib/error-telemetry-utils.js",
    "node_modules/next/dist/lib/fallback.js": "node_modules/next/dist/lib/fallback.js",
    "node_modules/next/dist/lib/find-pages-dir.js": "node_modules/next/dist/lib/find-pages-dir.js",
    "node_modules/next/dist/lib/format-dynamic-import-path.js": "node_modules/next/dist/lib/format-dynamic-import-path.js",
    "node_modules/next/dist/lib/format-server-error.js": "node_modules/next/dist/lib/format-server-error.js",
    "node_modules/next/dist/lib/framework/boundary-components.js": "node_modules/next/dist/lib/framework/boundary-components.js",
    "node_modules/next/dist/lib/framework/boundary-constants.js": "node_modules/next/dist/lib/framework/boundary-constants.js",
    "node_modules/next/dist/lib/generate-interception-routes-rewrites.js": "node_modules/next/dist/lib/generate-interception-routes-rewrites.js",
    "node_modules/next/dist/lib/interop-default.js": "node_modules/next/dist/lib/interop-default.js",
    "node_modules/next/dist/lib/is-api-route.js": "node_modules/next/dist/lib/is-api-route.js",
    "node_modules/next/dist/lib/is-app-page-route.js": "node_modules/next/dist/lib/is-app-page-route.js",
    "node_modules/next/dist/lib/is-app-route-route.js": "node_modules/next/dist/lib/is-app-route-route.js",
    "node_modules/next/dist/lib/is-error.js": "node_modules/next/dist/lib/is-error.js",
    "node_modules/next/dist/lib/is-serializable-props.js": "node_modules/next/dist/lib/is-serializable-props.js",
    "node_modules/next/dist/lib/metadata/get-metadata-route.js": "node_modules/next/dist/lib/metadata/get-metadata-route.js",
    "node_modules/next/dist/lib/metadata/is-metadata-route.js": "node_modules/next/dist/lib/metadata/is-metadata-route.js",
    "node_modules/next/dist/lib/metadata/metadata-context.js": "node_modules/next/dist/lib/metadata/metadata-context.js",
    "node_modules/next/dist/lib/multi-file-writer.js": "node_modules/next/dist/lib/multi-file-writer.js",
    "node_modules/next/dist/lib/non-nullable.js": "node_modules/next/dist/lib/non-nullable.js",
    "node_modules/next/dist/lib/page-types.js": "node_modules/next/dist/lib/page-types.js",
    "node_modules/next/dist/lib/pick.js": "node_modules/next/dist/lib/pick.js",
    "node_modules/next/dist/lib/picocolors.js": "node_modules/next/dist/lib/picocolors.js",
    "node_modules/next/dist/lib/redirect-status.js": "node_modules/next/dist/lib/redirect-status.js",
    "node_modules/next/dist/lib/route-pattern-normalizer.js": "node_modules/next/dist/lib/route-pattern-normalizer.js",
    "node_modules/next/dist/lib/scheduler.js": "node_modules/next/dist/lib/scheduler.js",
    "node_modules/next/dist/lib/semver-noop.js": "node_modules/next/dist/lib/semver-noop.js",
    "node_modules/next/dist/lib/static-env.js": "node_modules/next/dist/lib/static-env.js",
    "node_modules/next/dist/lib/url.js": "node_modules/next/dist/lib/url.js",
    "node_modules/next/dist/lib/wait.js": "node_modules/next/dist/lib/wait.js",
    "node_modules/next/dist/next-devtools/server/shared.js": "node_modules/next/dist/next-devtools/server/shared.js",
    "node_modules/next/dist/next-devtools/shared/console-error.js": "node_modules/next/dist/next-devtools/shared/console-error.js",
    "node_modules/next/dist/next-devtools/shared/forward-logs-shared.js": "node_modules/next/dist/next-devtools/shared/forward-logs-shared.js",
    "node_modules/next/dist/next-devtools/userspace/app/app-dev-overlay-error-boundary.js": "node_modules/next/dist/next-devtools/userspace/app/app-dev-overlay-error-boundary.js",
    "node_modules/next/dist/next-devtools/userspace/app/errors/replay-ssr-only-errors.js": "node_modules/next/dist/next-devtools/userspace/app/errors/replay-ssr-only-errors.js",
    "node_modules/next/dist/next-devtools/userspace/app/errors/stitched-error.js": "node_modules/next/dist/next-devtools/userspace/app/errors/stitched-error.js",
    "node_modules/next/dist/next-devtools/userspace/app/errors/use-error-handler.js": "node_modules/next/dist/next-devtools/userspace/app/errors/use-error-handler.js",
    "node_modules/next/dist/next-devtools/userspace/app/errors/use-forward-console-log.js": "node_modules/next/dist/next-devtools/userspace/app/errors/use-forward-console-log.js",
    "node_modules/next/dist/next-devtools/userspace/app/forward-logs.js": "node_modules/next/dist/next-devtools/userspace/app/forward-logs.js",
    "node_modules/next/dist/next-devtools/userspace/app/segment-explorer-node.js": "node_modules/next/dist/next-devtools/userspace/app/segment-explorer-node.js",
    "node_modules/next/dist/next-devtools/userspace/app/terminal-logging-config.js": "node_modules/next/dist/next-devtools/userspace/app/terminal-logging-config.js",
    "node_modules/next/dist/next-devtools/userspace/use-app-dev-rendering-indicator.js": "node_modules/next/dist/next-devtools/userspace/use-app-dev-rendering-indicator.js",
    "node_modules/next/dist/server/ReactDOMServerPages.js": "node_modules/next/dist/server/ReactDOMServerPages.js",
    "node_modules/next/dist/server/after/after-context.js": "node_modules/next/dist/server/after/after-context.js",
    "node_modules/next/dist/server/after/awaiter.js": "node_modules/next/dist/server/after/awaiter.js",
    "node_modules/next/dist/server/after/builtin-request-context.js": "node_modules/next/dist/server/after/builtin-request-context.js",
    "node_modules/next/dist/server/api-utils/get-cookie-parser.js": "node_modules/next/dist/server/api-utils/get-cookie-parser.js",
    "node_modules/next/dist/server/api-utils/index.js": "node_modules/next/dist/server/api-utils/index.js",
    "node_modules/next/dist/server/api-utils/node/try-get-preview-data.js": "node_modules/next/dist/server/api-utils/node/try-get-preview-data.js",
    "node_modules/next/dist/server/app-render/action-async-storage-instance.js": "node_modules/next/dist/server/app-render/action-async-storage-instance.js",
    "node_modules/next/dist/server/app-render/action-async-storage.external.js": "node_modules/next/dist/server/app-render/action-async-storage.external.js",
    "node_modules/next/dist/server/app-render/action-handler.js": "node_modules/next/dist/server/app-render/action-handler.js",
    "node_modules/next/dist/server/app-render/action-utils.js": "node_modules/next/dist/server/app-render/action-utils.js",
    "node_modules/next/dist/server/app-render/after-task-async-storage-instance.js": "node_modules/next/dist/server/app-render/after-task-async-storage-instance.js",
    "node_modules/next/dist/server/app-render/after-task-async-storage.external.js": "node_modules/next/dist/server/app-render/after-task-async-storage.external.js",
    "node_modules/next/dist/server/app-render/app-render-prerender-utils.js": "node_modules/next/dist/server/app-render/app-render-prerender-utils.js",
    "node_modules/next/dist/server/app-render/app-render-render-utils.js": "node_modules/next/dist/server/app-render/app-render-render-utils.js",
    "node_modules/next/dist/server/app-render/app-render.js": "node_modules/next/dist/server/app-render/app-render.js",
    "node_modules/next/dist/server/app-render/async-local-storage.js": "node_modules/next/dist/server/app-render/async-local-storage.js",
    "node_modules/next/dist/server/app-render/cache-signal.js": "node_modules/next/dist/server/app-render/cache-signal.js",
    "node_modules/next/dist/server/app-render/create-component-styles-and-scripts.js": "node_modules/next/dist/server/app-render/create-component-styles-and-scripts.js",
    "node_modules/next/dist/server/app-render/create-component-tree.js": "node_modules/next/dist/server/app-render/create-component-tree.js",
    "node_modules/next/dist/server/app-render/create-error-handler.js": "node_modules/next/dist/server/app-render/create-error-handler.js",
    "node_modules/next/dist/server/app-render/create-flight-router-state-from-loader-tree.js": "node_modules/next/dist/server/app-render/create-flight-router-state-from-loader-tree.js",
    "node_modules/next/dist/server/app-render/csrf-protection.js": "node_modules/next/dist/server/app-render/csrf-protection.js",
    "node_modules/next/dist/server/app-render/dynamic-rendering.js": "node_modules/next/dist/server/app-render/dynamic-rendering.js",
    "node_modules/next/dist/server/app-render/encryption-utils.js": "node_modules/next/dist/server/app-render/encryption-utils.js",
    "node_modules/next/dist/server/app-render/flight-render-result.js": "node_modules/next/dist/server/app-render/flight-render-result.js",
    "node_modules/next/dist/server/app-render/get-asset-query-string.js": "node_modules/next/dist/server/app-render/get-asset-query-string.js",
    "node_modules/next/dist/server/app-render/get-css-inlined-link-tags.js": "node_modules/next/dist/server/app-render/get-css-inlined-link-tags.js",
    "node_modules/next/dist/server/app-render/get-layer-assets.js": "node_modules/next/dist/server/app-render/get-layer-assets.js",
    "node_modules/next/dist/server/app-render/get-preloadable-fonts.js": "node_modules/next/dist/server/app-render/get-preloadable-fonts.js",
    "node_modules/next/dist/server/app-render/get-script-nonce-from-header.js": "node_modules/next/dist/server/app-render/get-script-nonce-from-header.js",
    "node_modules/next/dist/server/app-render/get-segment-param.js": "node_modules/next/dist/server/app-render/get-segment-param.js",
    "node_modules/next/dist/server/app-render/get-short-dynamic-param-type.js": "node_modules/next/dist/server/app-render/get-short-dynamic-param-type.js",
    "node_modules/next/dist/server/app-render/has-loading-component-in-tree.js": "node_modules/next/dist/server/app-render/has-loading-component-in-tree.js",
    "node_modules/next/dist/server/app-render/interop-default.js": "node_modules/next/dist/server/app-render/interop-default.js",
    "node_modules/next/dist/server/app-render/make-get-server-inserted-html.js": "node_modules/next/dist/server/app-render/make-get-server-inserted-html.js",
    "node_modules/next/dist/server/app-render/metadata-insertion/create-server-inserted-metadata.js": "node_modules/next/dist/server/app-render/metadata-insertion/create-server-inserted-metadata.js",
    "node_modules/next/dist/server/app-render/module-loading/track-module-loading.external.js": "node_modules/next/dist/server/app-render/module-loading/track-module-loading.external.js",
    "node_modules/next/dist/server/app-render/module-loading/track-module-loading.instance.js": "node_modules/next/dist/server/app-render/module-loading/track-module-loading.instance.js",
    "node_modules/next/dist/server/app-render/parse-and-validate-flight-router-state.js": "node_modules/next/dist/server/app-render/parse-and-validate-flight-router-state.js",
    "node_modules/next/dist/server/app-render/parse-loader-tree.js": "node_modules/next/dist/server/app-render/parse-loader-tree.js",
    "node_modules/next/dist/server/app-render/postponed-state.js": "node_modules/next/dist/server/app-render/postponed-state.js",
    "node_modules/next/dist/server/app-render/prospective-render-utils.js": "node_modules/next/dist/server/app-render/prospective-render-utils.js",
    "node_modules/next/dist/server/app-render/react-large-shell-error.js": "node_modules/next/dist/server/app-render/react-large-shell-error.js",
    "node_modules/next/dist/server/app-render/react-server.node.js": "node_modules/next/dist/server/app-render/react-server.node.js",
    "node_modules/next/dist/server/app-render/render-css-resource.js": "node_modules/next/dist/server/app-render/render-css-resource.js",
    "node_modules/next/dist/server/app-render/required-scripts.js": "node_modules/next/dist/server/app-render/required-scripts.js",
    "node_modules/next/dist/server/app-render/segment-explorer-path.js": "node_modules/next/dist/server/app-render/segment-explorer-path.js",
    "node_modules/next/dist/server/app-render/server-inserted-html.js": "node_modules/next/dist/server/app-render/server-inserted-html.js",
    "node_modules/next/dist/server/app-render/strip-flight-headers.js": "node_modules/next/dist/server/app-render/strip-flight-headers.js",
    "node_modules/next/dist/server/app-render/types.js": "node_modules/next/dist/server/app-render/types.js",
    "node_modules/next/dist/server/app-render/use-flight-response.js": "node_modules/next/dist/server/app-render/use-flight-response.js",
    "node_modules/next/dist/server/app-render/walk-tree-with-flight-router-state.js": "node_modules/next/dist/server/app-render/walk-tree-with-flight-router-state.js",
    "node_modules/next/dist/server/app-render/work-async-storage-instance.js": "node_modules/next/dist/server/app-render/work-async-storage-instance.js",
    "node_modules/next/dist/server/app-render/work-async-storage.external.js": "node_modules/next/dist/server/app-render/work-async-storage.external.js",
    "node_modules/next/dist/server/app-render/work-unit-async-storage-instance.js": "node_modules/next/dist/server/app-render/work-unit-async-storage-instance.js",
    "node_modules/next/dist/server/app-render/work-unit-async-storage.external.js": "node_modules/next/dist/server/app-render/work-unit-async-storage.external.js",
    "node_modules/next/dist/server/async-storage/draft-mode-provider.js": "node_modules/next/dist/server/async-storage/draft-mode-provider.js",
    "node_modules/next/dist/server/async-storage/request-store.js": "node_modules/next/dist/server/async-storage/request-store.js",
    "node_modules/next/dist/server/async-storage/work-store.js": "node_modules/next/dist/server/async-storage/work-store.js",
    "node_modules/next/dist/server/base-http/helpers.js": "node_modules/next/dist/server/base-http/helpers.js",
    "node_modules/next/dist/server/base-http/index.js": "node_modules/next/dist/server/base-http/index.js",
    "node_modules/next/dist/server/base-http/node.js": "node_modules/next/dist/server/base-http/node.js",
    "node_modules/next/dist/server/base-server.js": "node_modules/next/dist/server/base-server.js",
    "node_modules/next/dist/server/body-streams.js": "node_modules/next/dist/server/body-streams.js",
    "node_modules/next/dist/server/client-component-renderer-logger.js": "node_modules/next/dist/server/client-component-renderer-logger.js",
    "node_modules/next/dist/server/crypto-utils.js": "node_modules/next/dist/server/crypto-utils.js",
    "node_modules/next/dist/server/dev/hot-reloader-types.js": "node_modules/next/dist/server/dev/hot-reloader-types.js",
    "node_modules/next/dist/server/dev/node-stack-frames.js": "node_modules/next/dist/server/dev/node-stack-frames.js",
    "node_modules/next/dist/server/dynamic-rendering-utils.js": "node_modules/next/dist/server/dynamic-rendering-utils.js",
    "node_modules/next/dist/server/htmlescape.js": "node_modules/next/dist/server/htmlescape.js",
    "node_modules/next/dist/server/instrumentation/utils.js": "node_modules/next/dist/server/instrumentation/utils.js",
    "node_modules/next/dist/server/internal-utils.js": "node_modules/next/dist/server/internal-utils.js",
    "node_modules/next/dist/server/lib/app-dir-module.js": "node_modules/next/dist/server/lib/app-dir-module.js",
    "node_modules/next/dist/server/lib/async-callback-set.js": "node_modules/next/dist/server/lib/async-callback-set.js",
    "node_modules/next/dist/server/lib/cache-control.js": "node_modules/next/dist/server/lib/cache-control.js",
    "node_modules/next/dist/server/lib/cache-handlers/default.external.js": "node_modules/next/dist/server/lib/cache-handlers/default.external.js",
    "node_modules/next/dist/server/lib/clone-response.js": "node_modules/next/dist/server/lib/clone-response.js",
    "node_modules/next/dist/server/lib/decode-query-path-parameter.js": "node_modules/next/dist/server/lib/decode-query-path-parameter.js",
    "node_modules/next/dist/server/lib/dedupe-fetch.js": "node_modules/next/dist/server/lib/dedupe-fetch.js",
    "node_modules/next/dist/server/lib/etag.js": "node_modules/next/dist/server/lib/etag.js",
    "node_modules/next/dist/server/lib/experimental/ppr.js": "node_modules/next/dist/server/lib/experimental/ppr.js",
    "node_modules/next/dist/server/lib/fix-mojibake.js": "node_modules/next/dist/server/lib/fix-mojibake.js",
    "node_modules/next/dist/server/lib/format-hostname.js": "node_modules/next/dist/server/lib/format-hostname.js",
    "node_modules/next/dist/server/lib/i18n-provider.js": "node_modules/next/dist/server/lib/i18n-provider.js",
    "node_modules/next/dist/server/lib/implicit-tags.js": "node_modules/next/dist/server/lib/implicit-tags.js",
    "node_modules/next/dist/server/lib/incremental-cache/file-system-cache.js": "node_modules/next/dist/server/lib/incremental-cache/file-system-cache.js",
    "node_modules/next/dist/server/lib/incremental-cache/index.js": "node_modules/next/dist/server/lib/incremental-cache/index.js",
    "node_modules/next/dist/server/lib/incremental-cache/memory-cache.external.js": "node_modules/next/dist/server/lib/incremental-cache/memory-cache.external.js",
    "node_modules/next/dist/server/lib/incremental-cache/shared-cache-controls.external.js": "node_modules/next/dist/server/lib/incremental-cache/shared-cache-controls.external.js",
    "node_modules/next/dist/server/lib/incremental-cache/tags-manifest.external.js": "node_modules/next/dist/server/lib/incremental-cache/tags-manifest.external.js",
    "node_modules/next/dist/server/lib/is-ipv6.js": "node_modules/next/dist/server/lib/is-ipv6.js",
    "node_modules/next/dist/server/lib/lazy-result.js": "node_modules/next/dist/server/lib/lazy-result.js",
    "node_modules/next/dist/server/lib/lru-cache.js": "node_modules/next/dist/server/lib/lru-cache.js",
    "node_modules/next/dist/server/lib/match-next-data-pathname.js": "node_modules/next/dist/server/lib/match-next-data-pathname.js",
    "node_modules/next/dist/server/lib/mock-request.js": "node_modules/next/dist/server/lib/mock-request.js",
    "node_modules/next/dist/server/lib/module-loader/node-module-loader.js": "node_modules/next/dist/server/lib/module-loader/node-module-loader.js",
    "node_modules/next/dist/server/lib/node-fs-methods.js": "node_modules/next/dist/server/lib/node-fs-methods.js",
    "node_modules/next/dist/server/lib/parse-stack.js": "node_modules/next/dist/server/lib/parse-stack.js",
    "node_modules/next/dist/server/lib/patch-fetch.js": "node_modules/next/dist/server/lib/patch-fetch.js",
    "node_modules/next/dist/server/lib/patch-set-header.js": "node_modules/next/dist/server/lib/patch-set-header.js",
    "node_modules/next/dist/server/lib/router-utils/decode-path-params.js": "node_modules/next/dist/server/lib/router-utils/decode-path-params.js",
    "node_modules/next/dist/server/lib/router-utils/instrumentation-globals.external.js": "node_modules/next/dist/server/lib/router-utils/instrumentation-globals.external.js",
    "node_modules/next/dist/server/lib/router-utils/instrumentation-node-extensions.js": "node_modules/next/dist/server/lib/router-utils/instrumentation-node-extensions.js",
    "node_modules/next/dist/server/lib/router-utils/is-postpone.js": "node_modules/next/dist/server/lib/router-utils/is-postpone.js",
    "node_modules/next/dist/server/lib/router-utils/router-server-context.js": "node_modules/next/dist/server/lib/router-utils/router-server-context.js",
    "node_modules/next/dist/server/lib/server-action-request-meta.js": "node_modules/next/dist/server/lib/server-action-request-meta.js",
    "node_modules/next/dist/server/lib/server-ipc/utils.js": "node_modules/next/dist/server/lib/server-ipc/utils.js",
    "node_modules/next/dist/server/lib/source-maps.js": "node_modules/next/dist/server/lib/source-maps.js",
    "node_modules/next/dist/server/lib/streaming-metadata.js": "node_modules/next/dist/server/lib/streaming-metadata.js",
    "node_modules/next/dist/server/lib/to-route.js": "node_modules/next/dist/server/lib/to-route.js",
    "node_modules/next/dist/server/lib/trace/constants.js": "node_modules/next/dist/server/lib/trace/constants.js",
    "node_modules/next/dist/server/lib/trace/tracer.js": "node_modules/next/dist/server/lib/trace/tracer.js",
    "node_modules/next/dist/server/lib/trace/utils.js": "node_modules/next/dist/server/lib/trace/utils.js",
    "node_modules/next/dist/server/load-components.js": "node_modules/next/dist/server/load-components.js",
    "node_modules/next/dist/server/load-manifest.external.js": "node_modules/next/dist/server/load-manifest.external.js",
    "node_modules/next/dist/server/next-server.js": "node_modules/next/dist/server/next-server.js",
    "node_modules/next/dist/server/node-environment-baseline.js": "node_modules/next/dist/server/node-environment-baseline.js",
    "node_modules/next/dist/server/node-environment-extensions/console-dev.js": "node_modules/next/dist/server/node-environment-extensions/console-dev.js",
    "node_modules/next/dist/server/node-environment-extensions/date.js": "node_modules/next/dist/server/node-environment-extensions/date.js",
    "node_modules/next/dist/server/node-environment-extensions/error-inspect.js": "node_modules/next/dist/server/node-environment-extensions/error-inspect.js",
    "node_modules/next/dist/server/node-environment-extensions/node-crypto.js": "node_modules/next/dist/server/node-environment-extensions/node-crypto.js",
    "node_modules/next/dist/server/node-environment-extensions/random.js": "node_modules/next/dist/server/node-environment-extensions/random.js",
    "node_modules/next/dist/server/node-environment-extensions/utils.js": "node_modules/next/dist/server/node-environment-extensions/utils.js",
    "node_modules/next/dist/server/node-environment-extensions/web-crypto.js": "node_modules/next/dist/server/node-environment-extensions/web-crypto.js",
    "node_modules/next/dist/server/node-environment.js": "node_modules/next/dist/server/node-environment.js",
    "node_modules/next/dist/server/node-polyfill-crypto.js": "node_modules/next/dist/server/node-polyfill-crypto.js",
    "node_modules/next/dist/server/normalizers/absolute-filename-normalizer.js": "node_modules/next/dist/server/normalizers/absolute-filename-normalizer.js",
    "node_modules/next/dist/server/normalizers/built/app/app-bundle-path-normalizer.js": "node_modules/next/dist/server/normalizers/built/app/app-bundle-path-normalizer.js",
    "node_modules/next/dist/server/normalizers/built/app/app-filename-normalizer.js": "node_modules/next/dist/server/normalizers/built/app/app-filename-normalizer.js",
    "node_modules/next/dist/server/normalizers/built/app/app-page-normalizer.js": "node_modules/next/dist/server/normalizers/built/app/app-page-normalizer.js",
    "node_modules/next/dist/server/normalizers/built/app/app-pathname-normalizer.js": "node_modules/next/dist/server/normalizers/built/app/app-pathname-normalizer.js",
    "node_modules/next/dist/server/normalizers/built/app/index.js": "node_modules/next/dist/server/normalizers/built/app/index.js",
    "node_modules/next/dist/server/normalizers/built/pages/index.js": "node_modules/next/dist/server/normalizers/built/pages/index.js",
    "node_modules/next/dist/server/normalizers/built/pages/pages-bundle-path-normalizer.js": "node_modules/next/dist/server/normalizers/built/pages/pages-bundle-path-normalizer.js",
    "node_modules/next/dist/server/normalizers/built/pages/pages-filename-normalizer.js": "node_modules/next/dist/server/normalizers/built/pages/pages-filename-normalizer.js",
    "node_modules/next/dist/server/normalizers/built/pages/pages-page-normalizer.js": "node_modules/next/dist/server/normalizers/built/pages/pages-page-normalizer.js",
    "node_modules/next/dist/server/normalizers/built/pages/pages-pathname-normalizer.js": "node_modules/next/dist/server/normalizers/built/pages/pages-pathname-normalizer.js",
    "node_modules/next/dist/server/normalizers/locale-route-normalizer.js": "node_modules/next/dist/server/normalizers/locale-route-normalizer.js",
    "node_modules/next/dist/server/normalizers/normalizers.js": "node_modules/next/dist/server/normalizers/normalizers.js",
    "node_modules/next/dist/server/normalizers/prefixing-normalizer.js": "node_modules/next/dist/server/normalizers/prefixing-normalizer.js",
    "node_modules/next/dist/server/normalizers/request/next-data.js": "node_modules/next/dist/server/normalizers/request/next-data.js",
    "node_modules/next/dist/server/normalizers/request/prefetch-rsc.js": "node_modules/next/dist/server/normalizers/request/prefetch-rsc.js",
    "node_modules/next/dist/server/normalizers/request/prefix.js": "node_modules/next/dist/server/normalizers/request/prefix.js",
    "node_modules/next/dist/server/normalizers/request/rsc.js": "node_modules/next/dist/server/normalizers/request/rsc.js",
    "node_modules/next/dist/server/normalizers/request/segment-prefix-rsc.js": "node_modules/next/dist/server/normalizers/request/segment-prefix-rsc.js",
    "node_modules/next/dist/server/normalizers/request/suffix.js": "node_modules/next/dist/server/normalizers/request/suffix.js",
    "node_modules/next/dist/server/normalizers/underscore-normalizer.js": "node_modules/next/dist/server/normalizers/underscore-normalizer.js",
    "node_modules/next/dist/server/normalizers/wrap-normalizer-fn.js": "node_modules/next/dist/server/normalizers/wrap-normalizer-fn.js",
    "node_modules/next/dist/server/optimize-amp.js": "node_modules/next/dist/server/optimize-amp.js",
    "node_modules/next/dist/server/patch-error-inspect.js": "node_modules/next/dist/server/patch-error-inspect.js",
    "node_modules/next/dist/server/pipe-readable.js": "node_modules/next/dist/server/pipe-readable.js",
    "node_modules/next/dist/server/post-process.js": "node_modules/next/dist/server/post-process.js",
    "node_modules/next/dist/server/render-result.js": "node_modules/next/dist/server/render-result.js",
    "node_modules/next/dist/server/render.js": "node_modules/next/dist/server/render.js",
    "node_modules/next/dist/server/request-meta.js": "node_modules/next/dist/server/request-meta.js",
    "node_modules/next/dist/server/require-hook.js": "node_modules/next/dist/server/require-hook.js",
    "node_modules/next/dist/server/require.js": "node_modules/next/dist/server/require.js",
    "node_modules/next/dist/server/response-cache/index.js": "node_modules/next/dist/server/response-cache/index.js",
    "node_modules/next/dist/server/response-cache/types.js": "node_modules/next/dist/server/response-cache/types.js",
    "node_modules/next/dist/server/response-cache/utils.js": "node_modules/next/dist/server/response-cache/utils.js",
    "node_modules/next/dist/server/resume-data-cache/cache-store.js": "node_modules/next/dist/server/resume-data-cache/cache-store.js",
    "node_modules/next/dist/server/resume-data-cache/resume-data-cache.js": "node_modules/next/dist/server/resume-data-cache/resume-data-cache.js",
    "node_modules/next/dist/server/revalidation-utils.js": "node_modules/next/dist/server/revalidation-utils.js",
    "node_modules/next/dist/server/route-kind.js": "node_modules/next/dist/server/route-kind.js",
    "node_modules/next/dist/server/route-matcher-managers/default-route-matcher-manager.js": "node_modules/next/dist/server/route-matcher-managers/default-route-matcher-manager.js",
    "node_modules/next/dist/server/route-matcher-providers/app-page-route-matcher-provider.js": "node_modules/next/dist/server/route-matcher-providers/app-page-route-matcher-provider.js",
    "node_modules/next/dist/server/route-matcher-providers/app-route-route-matcher-provider.js": "node_modules/next/dist/server/route-matcher-providers/app-route-route-matcher-provider.js",
    "node_modules/next/dist/server/route-matcher-providers/helpers/cached-route-matcher-provider.js": "node_modules/next/dist/server/route-matcher-providers/helpers/cached-route-matcher-provider.js",
    "node_modules/next/dist/server/route-matcher-providers/helpers/manifest-loaders/server-manifest-loader.js": "node_modules/next/dist/server/route-matcher-providers/helpers/manifest-loaders/server-manifest-loader.js",
    "node_modules/next/dist/server/route-matcher-providers/manifest-route-matcher-provider.js": "node_modules/next/dist/server/route-matcher-providers/manifest-route-matcher-provider.js",
    "node_modules/next/dist/server/route-matcher-providers/pages-api-route-matcher-provider.js": "node_modules/next/dist/server/route-matcher-providers/pages-api-route-matcher-provider.js",
    "node_modules/next/dist/server/route-matcher-providers/pages-route-matcher-provider.js": "node_modules/next/dist/server/route-matcher-providers/pages-route-matcher-provider.js",
    "node_modules/next/dist/server/route-matchers/app-page-route-matcher.js": "node_modules/next/dist/server/route-matchers/app-page-route-matcher.js",
    "node_modules/next/dist/server/route-matchers/app-route-route-matcher.js": "node_modules/next/dist/server/route-matchers/app-route-route-matcher.js",
    "node_modules/next/dist/server/route-matchers/locale-route-matcher.js": "node_modules/next/dist/server/route-matchers/locale-route-matcher.js",
    "node_modules/next/dist/server/route-matchers/pages-api-route-matcher.js": "node_modules/next/dist/server/route-matchers/pages-api-route-matcher.js",
    "node_modules/next/dist/server/route-matchers/pages-route-matcher.js": "node_modules/next/dist/server/route-matchers/pages-route-matcher.js",
    "node_modules/next/dist/server/route-matchers/route-matcher.js": "node_modules/next/dist/server/route-matchers/route-matcher.js",
    "node_modules/next/dist/server/route-matches/pages-api-route-match.js": "node_modules/next/dist/server/route-matches/pages-api-route-match.js",
    "node_modules/next/dist/server/route-modules/app-page/helpers/prerender-manifest-matcher.js": "node_modules/next/dist/server/route-modules/app-page/helpers/prerender-manifest-matcher.js",
    "node_modules/next/dist/server/route-modules/app-page/module.compiled.js": "node_modules/next/dist/server/route-modules/app-page/module.compiled.js",
    "node_modules/next/dist/server/route-modules/app-page/module.js": "node_modules/next/dist/server/route-modules/app-page/module.js",
    "node_modules/next/dist/server/route-modules/app-page/module.render.js": "node_modules/next/dist/server/route-modules/app-page/module.render.js",
    "node_modules/next/dist/server/route-modules/app-page/vendored/contexts/amp-context.js": "node_modules/next/dist/server/route-modules/app-page/vendored/contexts/amp-context.js",
    "node_modules/next/dist/server/route-modules/app-page/vendored/contexts/app-router-context.js": "node_modules/next/dist/server/route-modules/app-page/vendored/contexts/app-router-context.js",
    "node_modules/next/dist/server/route-modules/app-page/vendored/contexts/entrypoints.js": "node_modules/next/dist/server/route-modules/app-page/vendored/contexts/entrypoints.js",
    "node_modules/next/dist/server/route-modules/app-page/vendored/contexts/head-manager-context.js": "node_modules/next/dist/server/route-modules/app-page/vendored/contexts/head-manager-context.js",
    "node_modules/next/dist/server/route-modules/app-page/vendored/contexts/hooks-client-context.js": "node_modules/next/dist/server/route-modules/app-page/vendored/contexts/hooks-client-context.js",
    "node_modules/next/dist/server/route-modules/app-page/vendored/contexts/image-config-context.js": "node_modules/next/dist/server/route-modules/app-page/vendored/contexts/image-config-context.js",
    "node_modules/next/dist/server/route-modules/app-page/vendored/contexts/router-context.js": "node_modules/next/dist/server/route-modules/app-page/vendored/contexts/router-context.js",
    "node_modules/next/dist/server/route-modules/app-page/vendored/contexts/server-inserted-html.js": "node_modules/next/dist/server/route-modules/app-page/vendored/contexts/server-inserted-html.js",
    "node_modules/next/dist/server/route-modules/app-page/vendored/rsc/entrypoints.js": "node_modules/next/dist/server/route-modules/app-page/vendored/rsc/entrypoints.js",
    "node_modules/next/dist/server/route-modules/app-page/vendored/ssr/entrypoints.js": "node_modules/next/dist/server/route-modules/app-page/vendored/ssr/entrypoints.js",
    "node_modules/next/dist/server/route-modules/checks.js": "node_modules/next/dist/server/route-modules/checks.js",
    "node_modules/next/dist/server/route-modules/pages/module.compiled.js": "node_modules/next/dist/server/route-modules/pages/module.compiled.js",
    "node_modules/next/dist/server/route-modules/pages/module.js": "node_modules/next/dist/server/route-modules/pages/module.js",
    "node_modules/next/dist/server/route-modules/pages/module.render.js": "node_modules/next/dist/server/route-modules/pages/module.render.js",
    "node_modules/next/dist/server/route-modules/pages/vendored/contexts/amp-context.js": "node_modules/next/dist/server/route-modules/pages/vendored/contexts/amp-context.js",
    "node_modules/next/dist/server/route-modules/pages/vendored/contexts/app-router-context.js": "node_modules/next/dist/server/route-modules/pages/vendored/contexts/app-router-context.js",
    "node_modules/next/dist/server/route-modules/pages/vendored/contexts/entrypoints.js": "node_modules/next/dist/server/route-modules/pages/vendored/contexts/entrypoints.js",
    "node_modules/next/dist/server/route-modules/pages/vendored/contexts/head-manager-context.js": "node_modules/next/dist/server/route-modules/pages/vendored/contexts/head-manager-context.js",
    "node_modules/next/dist/server/route-modules/pages/vendored/contexts/hooks-client-context.js": "node_modules/next/dist/server/route-modules/pages/vendored/contexts/hooks-client-context.js",
    "node_modules/next/dist/server/route-modules/pages/vendored/contexts/html-context.js": "node_modules/next/dist/server/route-modules/pages/vendored/contexts/html-context.js",
    "node_modules/next/dist/server/route-modules/pages/vendored/contexts/image-config-context.js": "node_modules/next/dist/server/route-modules/pages/vendored/contexts/image-config-context.js",
    "node_modules/next/dist/server/route-modules/pages/vendored/contexts/loadable-context.js": "node_modules/next/dist/server/route-modules/pages/vendored/contexts/loadable-context.js",
    "node_modules/next/dist/server/route-modules/pages/vendored/contexts/loadable.js": "node_modules/next/dist/server/route-modules/pages/vendored/contexts/loadable.js",
    "node_modules/next/dist/server/route-modules/pages/vendored/contexts/router-context.js": "node_modules/next/dist/server/route-modules/pages/vendored/contexts/router-context.js",
    "node_modules/next/dist/server/route-modules/pages/vendored/contexts/server-inserted-html.js": "node_modules/next/dist/server/route-modules/pages/vendored/contexts/server-inserted-html.js",
    "node_modules/next/dist/server/route-modules/route-module.js": "node_modules/next/dist/server/route-modules/route-module.js",
    "node_modules/next/dist/server/send-payload.js": "node_modules/next/dist/server/send-payload.js",
    "node_modules/next/dist/server/send-response.js": "node_modules/next/dist/server/send-response.js",
    "node_modules/next/dist/server/serve-static.js": "node_modules/next/dist/server/serve-static.js",
    "node_modules/next/dist/server/server-utils.js": "node_modules/next/dist/server/server-utils.js",
    "node_modules/next/dist/server/setup-http-agent-env.js": "node_modules/next/dist/server/setup-http-agent-env.js",
    "node_modules/next/dist/server/stream-utils/encoded-tags.js": "node_modules/next/dist/server/stream-utils/encoded-tags.js",
    "node_modules/next/dist/server/stream-utils/node-web-streams-helper.js": "node_modules/next/dist/server/stream-utils/node-web-streams-helper.js",
    "node_modules/next/dist/server/stream-utils/uint8array-helpers.js": "node_modules/next/dist/server/stream-utils/uint8array-helpers.js",
    "node_modules/next/dist/server/use-cache/handlers.js": "node_modules/next/dist/server/use-cache/handlers.js",
    "node_modules/next/dist/server/utils.js": "node_modules/next/dist/server/utils.js",
    "node_modules/next/dist/server/web/adapter.js": "node_modules/next/dist/server/web/adapter.js",
    "node_modules/next/dist/server/web/error.js": "node_modules/next/dist/server/web/error.js",
    "node_modules/next/dist/server/web/get-edge-preview-props.js": "node_modules/next/dist/server/web/get-edge-preview-props.js",
    "node_modules/next/dist/server/web/globals.js": "node_modules/next/dist/server/web/globals.js",
    "node_modules/next/dist/server/web/next-url.js": "node_modules/next/dist/server/web/next-url.js",
    "node_modules/next/dist/server/web/sandbox/context.js": "node_modules/next/dist/server/web/sandbox/context.js",
    "node_modules/next/dist/server/web/sandbox/fetch-inline-assets.js": "node_modules/next/dist/server/web/sandbox/fetch-inline-assets.js",
    "node_modules/next/dist/server/web/sandbox/index.js": "node_modules/next/dist/server/web/sandbox/index.js",
    "node_modules/next/dist/server/web/sandbox/resource-managers.js": "node_modules/next/dist/server/web/sandbox/resource-managers.js",
    "node_modules/next/dist/server/web/sandbox/sandbox.js": "node_modules/next/dist/server/web/sandbox/sandbox.js",
    "node_modules/next/dist/server/web/spec-extension/adapters/headers.js": "node_modules/next/dist/server/web/spec-extension/adapters/headers.js",
    "node_modules/next/dist/server/web/spec-extension/adapters/next-request.js": "node_modules/next/dist/server/web/spec-extension/adapters/next-request.js",
    "node_modules/next/dist/server/web/spec-extension/adapters/reflect.js": "node_modules/next/dist/server/web/spec-extension/adapters/reflect.js",
    "node_modules/next/dist/server/web/spec-extension/adapters/request-cookies.js": "node_modules/next/dist/server/web/spec-extension/adapters/request-cookies.js",
    "node_modules/next/dist/server/web/spec-extension/cookies.js": "node_modules/next/dist/server/web/spec-extension/cookies.js",
    "node_modules/next/dist/server/web/spec-extension/fetch-event.js": "node_modules/next/dist/server/web/spec-extension/fetch-event.js",
    "node_modules/next/dist/server/web/spec-extension/request.js": "node_modules/next/dist/server/web/spec-extension/request.js",
    "node_modules/next/dist/server/web/spec-extension/response.js": "node_modules/next/dist/server/web/spec-extension/response.js",
    "node_modules/next/dist/server/web/utils.js": "node_modules/next/dist/server/web/utils.js",
    "node_modules/next/dist/server/web/web-on-close.js": "node_modules/next/dist/server/web/web-on-close.js",
    "node_modules/next/dist/shared/lib/amp-context.shared-runtime.js": "node_modules/next/dist/shared/lib/amp-context.shared-runtime.js",
    "node_modules/next/dist/shared/lib/amp-mode.js": "node_modules/next/dist/shared/lib/amp-mode.js",
    "node_modules/next/dist/shared/lib/app-router-context.shared-runtime.js": "node_modules/next/dist/shared/lib/app-router-context.shared-runtime.js",
    "node_modules/next/dist/shared/lib/constants.js": "node_modules/next/dist/shared/lib/constants.js",
    "node_modules/next/dist/shared/lib/deep-freeze.js": "node_modules/next/dist/shared/lib/deep-freeze.js",
    "node_modules/next/dist/shared/lib/encode-uri-path.js": "node_modules/next/dist/shared/lib/encode-uri-path.js",
    "node_modules/next/dist/shared/lib/error-source.js": "node_modules/next/dist/shared/lib/error-source.js",
    "node_modules/next/dist/shared/lib/errors/constants.js": "node_modules/next/dist/shared/lib/errors/constants.js",
    "node_modules/next/dist/shared/lib/escape-regexp.js": "node_modules/next/dist/shared/lib/escape-regexp.js",
    "node_modules/next/dist/shared/lib/format-webpack-messages.js": "node_modules/next/dist/shared/lib/format-webpack-messages.js",
    "node_modules/next/dist/shared/lib/get-hostname.js": "node_modules/next/dist/shared/lib/get-hostname.js",
    "node_modules/next/dist/shared/lib/hash.js": "node_modules/next/dist/shared/lib/hash.js",
    "node_modules/next/dist/shared/lib/head-manager-context.shared-runtime.js": "node_modules/next/dist/shared/lib/head-manager-context.shared-runtime.js",
    "node_modules/next/dist/shared/lib/head.js": "node_modules/next/dist/shared/lib/head.js",
    "node_modules/next/dist/shared/lib/hooks-client-context.shared-runtime.js": "node_modules/next/dist/shared/lib/hooks-client-context.shared-runtime.js",
    "node_modules/next/dist/shared/lib/html-context.shared-runtime.js": "node_modules/next/dist/shared/lib/html-context.shared-runtime.js",
    "node_modules/next/dist/shared/lib/i18n/detect-domain-locale.js": "node_modules/next/dist/shared/lib/i18n/detect-domain-locale.js",
    "node_modules/next/dist/shared/lib/i18n/normalize-locale-path.js": "node_modules/next/dist/shared/lib/i18n/normalize-locale-path.js",
    "node_modules/next/dist/shared/lib/image-config-context.shared-runtime.js": "node_modules/next/dist/shared/lib/image-config-context.shared-runtime.js",
    "node_modules/next/dist/shared/lib/image-config.js": "node_modules/next/dist/shared/lib/image-config.js",
    "node_modules/next/dist/shared/lib/invariant-error.js": "node_modules/next/dist/shared/lib/invariant-error.js",
    "node_modules/next/dist/shared/lib/is-internal.js": "node_modules/next/dist/shared/lib/is-internal.js",
    "node_modules/next/dist/shared/lib/is-plain-object.js": "node_modules/next/dist/shared/lib/is-plain-object.js",
    "node_modules/next/dist/shared/lib/is-thenable.js": "node_modules/next/dist/shared/lib/is-thenable.js",
    "node_modules/next/dist/shared/lib/isomorphic/path.js": "node_modules/next/dist/shared/lib/isomorphic/path.js",
    "node_modules/next/dist/shared/lib/lazy-dynamic/bailout-to-csr.js": "node_modules/next/dist/shared/lib/lazy-dynamic/bailout-to-csr.js",
    "node_modules/next/dist/shared/lib/loadable-context.shared-runtime.js": "node_modules/next/dist/shared/lib/loadable-context.shared-runtime.js",
    "node_modules/next/dist/shared/lib/loadable.shared-runtime.js": "node_modules/next/dist/shared/lib/loadable.shared-runtime.js",
    "node_modules/next/dist/shared/lib/modern-browserslist-target.js": "node_modules/next/dist/shared/lib/modern-browserslist-target.js",
    "node_modules/next/dist/shared/lib/no-fallback-error.external.js": "node_modules/next/dist/shared/lib/no-fallback-error.external.js",
    "node_modules/next/dist/shared/lib/normalized-asset-prefix.js": "node_modules/next/dist/shared/lib/normalized-asset-prefix.js",
    "node_modules/next/dist/shared/lib/page-path/absolute-path-to-page.js": "node_modules/next/dist/shared/lib/page-path/absolute-path-to-page.js",
    "node_modules/next/dist/shared/lib/page-path/denormalize-page-path.js": "node_modules/next/dist/shared/lib/page-path/denormalize-page-path.js",
    "node_modules/next/dist/shared/lib/page-path/ensure-leading-slash.js": "node_modules/next/dist/shared/lib/page-path/ensure-leading-slash.js",
    "node_modules/next/dist/shared/lib/page-path/normalize-data-path.js": "node_modules/next/dist/shared/lib/page-path/normalize-data-path.js",
    "node_modules/next/dist/shared/lib/page-path/normalize-page-path.js": "node_modules/next/dist/shared/lib/page-path/normalize-page-path.js",
    "node_modules/next/dist/shared/lib/page-path/normalize-path-sep.js": "node_modules/next/dist/shared/lib/page-path/normalize-path-sep.js",
    "node_modules/next/dist/shared/lib/page-path/remove-page-path-tail.js": "node_modules/next/dist/shared/lib/page-path/remove-page-path-tail.js",
    "node_modules/next/dist/shared/lib/promise-with-resolvers.js": "node_modules/next/dist/shared/lib/promise-with-resolvers.js",
    "node_modules/next/dist/shared/lib/router-context.shared-runtime.js": "node_modules/next/dist/shared/lib/router-context.shared-runtime.js",
    "node_modules/next/dist/shared/lib/router/adapters.js": "node_modules/next/dist/shared/lib/router/adapters.js",
    "node_modules/next/dist/shared/lib/router/utils/add-locale.js": "node_modules/next/dist/shared/lib/router/utils/add-locale.js",
    "node_modules/next/dist/shared/lib/router/utils/add-path-prefix.js": "node_modules/next/dist/shared/lib/router/utils/add-path-prefix.js",
    "node_modules/next/dist/shared/lib/router/utils/add-path-suffix.js": "node_modules/next/dist/shared/lib/router/utils/add-path-suffix.js",
    "node_modules/next/dist/shared/lib/router/utils/app-paths.js": "node_modules/next/dist/shared/lib/router/utils/app-paths.js",
    "node_modules/next/dist/shared/lib/router/utils/as-path-to-search-params.js": "node_modules/next/dist/shared/lib/router/utils/as-path-to-search-params.js",
    "node_modules/next/dist/shared/lib/router/utils/cache-busting-search-param.js": "node_modules/next/dist/shared/lib/router/utils/cache-busting-search-param.js",
    "node_modules/next/dist/shared/lib/router/utils/escape-path-delimiters.js": "node_modules/next/dist/shared/lib/router/utils/escape-path-delimiters.js",
    "node_modules/next/dist/shared/lib/router/utils/format-next-pathname-info.js": "node_modules/next/dist/shared/lib/router/utils/format-next-pathname-info.js",
    "node_modules/next/dist/shared/lib/router/utils/format-url.js": "node_modules/next/dist/shared/lib/router/utils/format-url.js",
    "node_modules/next/dist/shared/lib/router/utils/get-dynamic-param.js": "node_modules/next/dist/shared/lib/router/utils/get-dynamic-param.js",
    "node_modules/next/dist/shared/lib/router/utils/get-next-pathname-info.js": "node_modules/next/dist/shared/lib/router/utils/get-next-pathname-info.js",
    "node_modules/next/dist/shared/lib/router/utils/get-route-from-asset-path.js": "node_modules/next/dist/shared/lib/router/utils/get-route-from-asset-path.js",
    "node_modules/next/dist/shared/lib/router/utils/html-bots.js": "node_modules/next/dist/shared/lib/router/utils/html-bots.js",
    "node_modules/next/dist/shared/lib/router/utils/index.js": "node_modules/next/dist/shared/lib/router/utils/index.js",
    "node_modules/next/dist/shared/lib/router/utils/interception-routes.js": "node_modules/next/dist/shared/lib/router/utils/interception-routes.js",
    "node_modules/next/dist/shared/lib/router/utils/is-bot.js": "node_modules/next/dist/shared/lib/router/utils/is-bot.js",
    "node_modules/next/dist/shared/lib/router/utils/is-dynamic.js": "node_modules/next/dist/shared/lib/router/utils/is-dynamic.js",
    "node_modules/next/dist/shared/lib/router/utils/middleware-route-matcher.js": "node_modules/next/dist/shared/lib/router/utils/middleware-route-matcher.js",
    "node_modules/next/dist/shared/lib/router/utils/parse-path.js": "node_modules/next/dist/shared/lib/router/utils/parse-path.js",
    "node_modules/next/dist/shared/lib/router/utils/parse-relative-url.js": "node_modules/next/dist/shared/lib/router/utils/parse-relative-url.js",
    "node_modules/next/dist/shared/lib/router/utils/parse-url.js": "node_modules/next/dist/shared/lib/router/utils/parse-url.js",
    "node_modules/next/dist/shared/lib/router/utils/path-has-prefix.js": "node_modules/next/dist/shared/lib/router/utils/path-has-prefix.js",
    "node_modules/next/dist/shared/lib/router/utils/path-match.js": "node_modules/next/dist/shared/lib/router/utils/path-match.js",
    "node_modules/next/dist/shared/lib/router/utils/prepare-destination.js": "node_modules/next/dist/shared/lib/router/utils/prepare-destination.js",
    "node_modules/next/dist/shared/lib/router/utils/querystring.js": "node_modules/next/dist/shared/lib/router/utils/querystring.js",
    "node_modules/next/dist/shared/lib/router/utils/relativize-url.js": "node_modules/next/dist/shared/lib/router/utils/relativize-url.js",
    "node_modules/next/dist/shared/lib/router/utils/remove-path-prefix.js": "node_modules/next/dist/shared/lib/router/utils/remove-path-prefix.js",
    "node_modules/next/dist/shared/lib/router/utils/remove-trailing-slash.js": "node_modules/next/dist/shared/lib/router/utils/remove-trailing-slash.js",
    "node_modules/next/dist/shared/lib/router/utils/route-match-utils.js": "node_modules/next/dist/shared/lib/router/utils/route-match-utils.js",
    "node_modules/next/dist/shared/lib/router/utils/route-matcher.js": "node_modules/next/dist/shared/lib/router/utils/route-matcher.js",
    "node_modules/next/dist/shared/lib/router/utils/route-regex.js": "node_modules/next/dist/shared/lib/router/utils/route-regex.js",
    "node_modules/next/dist/shared/lib/router/utils/sorted-routes.js": "node_modules/next/dist/shared/lib/router/utils/sorted-routes.js",
    "node_modules/next/dist/shared/lib/runtime-config.external.js": "node_modules/next/dist/shared/lib/runtime-config.external.js",
    "node_modules/next/dist/shared/lib/segment-cache/output-export-prefetch-encoding.js": "node_modules/next/dist/shared/lib/segment-cache/output-export-prefetch-encoding.js",
    "node_modules/next/dist/shared/lib/segment-cache/segment-value-encoding.js": "node_modules/next/dist/shared/lib/segment-cache/segment-value-encoding.js",
    "node_modules/next/dist/shared/lib/segment.js": "node_modules/next/dist/shared/lib/segment.js",
    "node_modules/next/dist/shared/lib/server-inserted-html.shared-runtime.js": "node_modules/next/dist/shared/lib/server-inserted-html.shared-runtime.js",
    "node_modules/next/dist/shared/lib/server-reference-info.js": "node_modules/next/dist/shared/lib/server-reference-info.js",
    "node_modules/next/dist/shared/lib/side-effect.js": "node_modules/next/dist/shared/lib/side-effect.js",
    "node_modules/next/dist/shared/lib/utils.js": "node_modules/next/dist/shared/lib/utils.js",
    "node_modules/next/dist/shared/lib/utils/warn-once.js": "node_modules/next/dist/shared/lib/utils/warn-once.js",
    "node_modules/next/package.json": "node_modules/next/package.json",
    "node_modules/react-dom/cjs/react-dom-server-legacy.browser.production.js": "node_modules/react-dom/cjs/react-dom-server-legacy.browser.production.js",
    "node_modules/react-dom/cjs/react-dom-server-legacy.node.production.js": "node_modules/react-dom/cjs/react-dom-server-legacy.node.production.js",
    "node_modules/react-dom/cjs/react-dom-server.browser.production.js": "node_modules/react-dom/cjs/react-dom-server.browser.production.js",
    "node_modules/react-dom/cjs/react-dom-server.edge.production.js": "node_modules/react-dom/cjs/react-dom-server.edge.production.js",
    "node_modules/react-dom/cjs/react-dom-server.node.production.js": "node_modules/react-dom/cjs/react-dom-server.node.production.js",
    "node_modules/react-dom/cjs/react-dom.production.js": "node_modules/react-dom/cjs/react-dom.production.js",
    "node_modules/react-dom/index.js": "node_modules/react-dom/index.js",
    "node_modules/react-dom/package.json": "node_modules/react-dom/package.json",
    "node_modules/react-dom/server.browser.js": "node_modules/react-dom/server.browser.js",
    "node_modules/react-dom/server.edge.js": "node_modules/react-dom/server.edge.js",
    "node_modules/react-dom/server.js": "node_modules/react-dom/server.js",
    "node_modules/react-dom/server.node.js": "node_modules/react-dom/server.node.js",
    "node_modules/react-dom/static.js": "node_modules/react-dom/static.js",
    "node_modules/react-dom/static.node.js": "node_modules/react-dom/static.node.js",
    "node_modules/react/cjs/react-compiler-runtime.production.js": "node_modules/react/cjs/react-compiler-runtime.production.js",
    "node_modules/react/cjs/react-jsx-dev-runtime.production.js": "node_modules/react/cjs/react-jsx-dev-runtime.production.js",
    "node_modules/react/cjs/react-jsx-runtime.production.js": "node_modules/react/cjs/react-jsx-runtime.production.js",
    "node_modules/react/cjs/react.production.js": "node_modules/react/cjs/react.production.js",
    "node_modules/react/compiler-runtime.js": "node_modules/react/compiler-runtime.js",
    "node_modules/react/index.js": "node_modules/react/index.js",
    "node_modules/react/jsx-dev-runtime.js": "node_modules/react/jsx-dev-runtime.js",
    "node_modules/react/jsx-runtime.js": "node_modules/react/jsx-runtime.js",
    "node_modules/react/package.json": "node_modules/react/package.json",
    "node_modules/styled-jsx/dist/index/index.js": "node_modules/styled-jsx/dist/index/index.js",
    "node_modules/styled-jsx/index.js": "node_modules/styled-jsx/index.js",
    "node_modules/styled-jsx/package.json": "node_modules/styled-jsx/package.json",
    "node_modules/styled-jsx/style.js": "node_modules/styled-jsx/style.js",
    ".next/package.json": ".next/package.json",
    ".next/server/pages/404.html": ".next/server/pages/404.html",
    ".env": ".env",
    ".env.bak": ".env.bak",
    ".env.bak.1759099775": ".env.bak.1759099775",
    ".env.bak.1759099864": ".env.bak.1759099864",
    ".env.bak.1759100083": ".env.bak.1759100083",
    ".env.bak.1759100273": ".env.bak.1759100273",
    ".env.bak.1759360332": ".env.bak.1759360332",
    ".env.bak.1759360617": ".env.bak.1759360617",
    ".env.bak.1759360687": ".env.bak.1759360687",
    ".env.bak.1759361520": ".env.bak.1759361520",
    ".env.bak.1759361597": ".env.bak.1759361597",
    ".env.bak.1759361745": ".env.bak.1759361745",
    ".env.bak.1759361974": ".env.bak.1759361974",
    ".env.example": ".env.example",
    ".env.local": ".env.local",
    ".next/build-manifest.json": ".next/build-manifest.json",
    ".next/prerender-manifest.json": ".next/prerender-manifest.json",
    ".next/server/functions-config-manifest.json": ".next/server/functions-config-manifest.json",
    ".next/server/middleware-manifest.json": ".next/server/middleware-manifest.json",
    ".next/server/middleware-build-manifest.js": ".next/server/middleware-build-manifest.js",
    ".next/server/middleware-react-loadable-manifest.js": ".next/server/middleware-react-loadable-manifest.js",
    ".next/react-loadable-manifest.json": ".next/react-loadable-manifest.json",
    ".next/app-build-manifest.json": ".next/app-build-manifest.json",
    ".next/app-path-routes-manifest.json": ".next/app-path-routes-manifest.json",
    ".next/server/server-reference-manifest.js": ".next/server/server-reference-manifest.js",
    ".next/server/server-reference-manifest.json": ".next/server/server-reference-manifest.json",
    ".next/BUILD_ID": ".next/BUILD_ID",
    ".next/server/next-font-manifest.js": ".next/server/next-font-manifest.js",
    ".next/server/next-font-manifest.json": ".next/server/next-font-manifest.json",
    ".next/required-server-files.json": ".next/required-server-files.json",
    "node_modules/next/dist/pages/_app.js": "node_modules/next/dist/pages/_app.js",
    "node_modules/react/cjs/react-jsx-runtime.development.js": "node_modules/react/cjs/react-jsx-runtime.development.js",
    "node_modules/react/cjs/react.development.js": "node_modules/react/cjs/react.development.js",
    "package.json": "package.json",
    ".next/server/webpack-runtime.js": ".next/server/webpack-runtime.js",
    "node_modules/react-dom/cjs/react-dom-server-legacy.browser.development.js": "node_modules/react-dom/cjs/react-dom-server-legacy.browser.development.js",
    "node_modules/react-dom/cjs/react-dom-server.browser.development.js": "node_modules/react-dom/cjs/react-dom-server.browser.development.js",
    "node_modules/react-dom/cjs/react-dom-server.edge.development.js": "node_modules/react-dom/cjs/react-dom-server.edge.development.js",
    "node_modules/react-dom/cjs/react-dom.development.js": "node_modules/react-dom/cjs/react-dom.development.js",
    ".next/server/chunks/5611.js": ".next/server/chunks/5611.js",
    "node_modules/next/dist/pages/_document.js": "node_modules/next/dist/pages/_document.js",
    "node_modules/next/dist/compiled/next-server/app-route.runtime.prod.js": "node_modules/next/dist/compiled/next-server/app-route.runtime.prod.js",
    "node_modules/next/dist/server/app-render/dynamic-access-async-storage-instance.js": "node_modules/next/dist/server/app-render/dynamic-access-async-storage-instance.js",
    "node_modules/next/dist/server/app-render/dynamic-access-async-storage.external.js": "node_modules/next/dist/server/app-render/dynamic-access-async-storage.external.js",
    ".next/server/chunks/1428.js": ".next/server/chunks/1428.js",
    ".next/server/chunks/1692.js": ".next/server/chunks/1692.js",
    ".next/server/chunks/5873.js": ".next/server/chunks/5873.js",
    ".next/server/app/api/aiQuote/route_client-reference-manifest.js": ".next/server/app/api/aiQuote/route_client-reference-manifest.js",
    "node_modules/.prisma/client/default.js": "node_modules/.prisma/client/default.js",
    "node_modules/.prisma/client/index.js": "node_modules/.prisma/client/index.js",
    "node_modules/.prisma/client/libquery_engine-darwin-arm64.dylib.node": "node_modules/.prisma/client/libquery_engine-darwin-arm64.dylib.node",
    "node_modules/.prisma/client/package.json": "node_modules/.prisma/client/package.json",
    "node_modules/.prisma/client/schema.prisma": "node_modules/.prisma/client/schema.prisma",
    "node_modules/@prisma/client/default.js": "node_modules/@prisma/client/default.js",
    "node_modules/@prisma/client/package.json": "node_modules/@prisma/client/package.json",
    "node_modules/@prisma/client/runtime/library.js": "node_modules/@prisma/client/runtime/library.js",
    ".next/server/chunks/1344.js": ".next/server/chunks/1344.js",
    ".next/server/app/api/version/route_client-reference-manifest.js": ".next/server/app/api/version/route_client-reference-manifest.js",
    ".next/server/app/api/admin/audit/route_client-reference-manifest.js": ".next/server/app/api/admin/audit/route_client-reference-manifest.js",
    ".next/server/app/api/admin/leads/[id]/route_client-reference-manifest.js": ".next/server/app/api/admin/leads/[id]/route_client-reference-manifest.js",
    ".next/server/app/api/admin/impersonate/route_client-reference-manifest.js": ".next/server/app/api/admin/impersonate/route_client-reference-manifest.js",
    ".next/server/app/api/admin/leads/bulk/delete/route_client-reference-manifest.js": ".next/server/app/api/admin/leads/bulk/delete/route_client-reference-manifest.js",
    ".next/server/app/api/admin/users/[id]/route_client-reference-manifest.js": ".next/server/app/api/admin/users/[id]/route_client-reference-manifest.js",
    ".next/server/app/api/admin/users/[id]/block/route_client-reference-manifest.js": ".next/server/app/api/admin/users/[id]/block/route_client-reference-manifest.js",
    ".next/server/app/api/admin/users/bulk/delete/route_client-reference-manifest.js": ".next/server/app/api/admin/users/bulk/delete/route_client-reference-manifest.js",
    ".next/server/app/api/admin/users/bulk/block/route_client-reference-manifest.js": ".next/server/app/api/admin/users/bulk/block/route_client-reference-manifest.js",
    ".next/server/app/api/admin/kpis/route_client-reference-manifest.js": ".next/server/app/api/admin/kpis/route_client-reference-manifest.js",
    ".next/server/app/api/admin/users/route_client-reference-manifest.js": ".next/server/app/api/admin/users/route_client-reference-manifest.js",
    ".next/server/app/api/auth/signup/route_client-reference-manifest.js": ".next/server/app/api/auth/signup/route_client-reference-manifest.js",
    ".next/server/app/api/auth/[...nextauth]/route_client-reference-manifest.js": ".next/server/app/api/auth/[...nextauth]/route_client-reference-manifest.js",
    ".next/server/app/api/lead/route_client-reference-manifest.js": ".next/server/app/api/lead/route_client-reference-manifest.js",
    ".next/server/app/api/admin/leads/route_client-reference-manifest.js": ".next/server/app/api/admin/leads/route_client-reference-manifest.js",
    ".next/server/app/api/aiQuote/route.js": ".next/server/app/api/aiQuote/route.js",
    ".next/server/app/api/version/route.js": ".next/server/app/api/version/route.js",
    ".next/server/app/api/admin/audit/route.js": ".next/server/app/api/admin/audit/route.js",
    ".next/server/app/api/admin/leads/[id]/route.js": ".next/server/app/api/admin/leads/[id]/route.js",
    ".next/server/app/api/admin/impersonate/route.js": ".next/server/app/api/admin/impersonate/route.js",
    ".next/server/app/api/admin/leads/bulk/delete/route.js": ".next/server/app/api/admin/leads/bulk/delete/route.js",
    ".next/server/app/api/admin/users/[id]/route.js": ".next/server/app/api/admin/users/[id]/route.js",
    ".next/server/app/api/admin/users/[id]/block/route.js": ".next/server/app/api/admin/users/[id]/block/route.js",
    ".next/server/app/api/admin/users/bulk/delete/route.js": ".next/server/app/api/admin/users/bulk/delete/route.js",
    ".next/server/app/api/admin/users/bulk/block/route.js": ".next/server/app/api/admin/users/bulk/block/route.js",
    ".next/server/app/api/admin/kpis/route.js": ".next/server/app/api/admin/kpis/route.js",
    ".next/server/app/api/admin/users/route.js": ".next/server/app/api/admin/users/route.js",
    ".next/server/app/api/auth/signup/route.js": ".next/server/app/api/auth/signup/route.js",
    ".next/server/app/api/auth/[...nextauth]/route.js": ".next/server/app/api/auth/[...nextauth]/route.js",
    ".next/server/app/api/lead/route.js": ".next/server/app/api/lead/route.js",
    ".next/server/app/api/admin/leads/route.js": ".next/server/app/api/admin/leads/route.js",
    ".next/server/pages/_app.js": ".next/server/pages/_app.js",
    ".next/server/pages/_error.js": ".next/server/pages/_error.js",
    ".next/server/pages/_document.js": ".next/server/pages/_document.js",
    ".next/server/app/_not-found/page.js": ".next/server/app/_not-found/page.js",
    ".next/server/chunks/5487.js": ".next/server/chunks/5487.js",
    ".next/server/app/_not-found/page_client-reference-manifest.js": ".next/server/app/_not-found/page_client-reference-manifest.js"
  }
}
