[{"name":"vc.builder.install","duration":1102401,"timestamp":1345080591157,"id":"5022c01a-bda1-4c75-97dc-52ec385a1f81","parentId":"55915156-3016-400d-8525-d381cebdc455","tags":{"cliType":"npm","lockfileVersion":"3"},"startTime":1759446604627},{"name":"vc.builder.build","duration":14813756,"timestamp":1345081695429,"id":"9f106a3b-7d6c-4288-93c5-8427711fe1c2","parentId":"55915156-3016-400d-8525-d381cebdc455","tags":{"buildScriptName":"vercel-build"},"startTime":1759446605731},{"name":"vc.builder","duration":16305428,"timestamp":1345080579121,"id":"55915156-3016-400d-8525-d381cebdc455","parentId":"f2bd1346-9555-4601-a37d-8e6da43e9efb","tags":{"name":"@vercel/next","install":"true","build":"true"},"startTime":1759446604615},{"name":"vc.builder.diagnostics","duration":570,"timestamp":1345096884632,"id":"642d4b81-17b9-413a-bdd4-ec069dae021f","parentId":"55915156-3016-400d-8525-d381cebdc455","tags":{},"startTime":1759446620920},{"name":"vc.builder.writeBuildResult","duration":64476,"timestamp":1345096885229,"id":"6539f376-dd0c-4851-ab0d-defcf560317b","parentId":"55915156-3016-400d-8525-d381cebdc455","tags":{"buildOutputLength":"1"},"startTime":1759446620920},{"name":"vc.doBuild","duration":16490711,"timestamp":1345080464347,"id":"f2bd1346-9555-4601-a37d-8e6da43e9efb","parentId":"c2f32e44-0688-4a5e-a99c-accedcc9d199","tags":{},"startTime":1759446604500},{"name":"vc","duration":17692101,"timestamp":1345079262964,"id":"c2f32e44-0688-4a5e-a99c-accedcc9d199","tags":{},"startTime":1759446603299}]