{
  "type": "Prerender",
  "expiration": false,
  "group": 5,
  "bypassToken": "72492b300b2f141cc13edc1db0dbf7fe",
  "experimentalBypassFor": [
    {
      "type": "header",
      "key": "next-action"
    },
    {
      "type": "header",
      "key": "content-type",
      "value": "multipart/form-data;.*"
    }
  ],
  "fallback": {
    "type": "FileFsRef",
    "mode": 33188,
    "fsPath": "signin.rsc.prerender-fallback.rsc"
  },
  "initialHeaders": {
    "x-nextjs-stale-time": "300",
    "x-nextjs-prerender": "1",
    "x-next-cache-tags": "_N_T_/layout,_N_T_/auth/layout,_N_T_/auth/signin/layout,_N_T_/auth/signin/page,_N_T_/auth/signin",
    "vary": "rsc, next-router-state-tree, next-router-prefetch, next-router-segment-prefetch",
    "content-type": "text/x-component"
  },
  "allowQuery": [],
  "allowHeader": [
    "host",
    "x-matched-path",
    "x-prerender-revalidate",
    "x-prerender-revalidate-if-generated",
    "x-next-revalidated-tags",
    "x-next-revalidate-tag-token"
  ]
}
