{
  "type": "Prerender",
  "expiration": false,
  "group": 2,
  "bypassToken": "72492b300b2f141cc13edc1db0dbf7fe",
  "experimentalBypassFor": [
    {
      "type": "header",
      "key": "next-action"
    },
    {
      "type": "header",
      "key": "content-type",
      "value": "multipart/form-data;.*"
    }
  ],
  "fallback": {
    "type": "FileFsRef",
    "mode": 33188,
    "contentType": "image/x-icon",
    "fsPath": "favicon.ico.prerender-fallback.body"
  },
  "initialHeaders": {
    "cache-control": "public, max-age=0, must-revalidate",
    "content-type": "image/x-icon",
    "x-next-cache-tags": "_N_T_/layout,_N_T_/favicon.ico/layout,_N_T_/favicon.ico/route,_N_T_/favicon.ico",
    "vary": "rsc, next-router-state-tree, next-router-prefetch, next-router-segment-prefetch"
  },
  "allowQuery": [],
  "allowHeader": [
    "host",
    "x-matched-path",
    "x-prerender-revalidate",
    "x-prerender-revalidate-if-generated",
    "x-next-revalidated-tags",
    "x-next-revalidate-tag-token"
  ]
}
