{
  "type": "Prerender",
  "expiration": false,
  "group": 4,
  "bypassToken": "72492b300b2f141cc13edc1db0dbf7fe",
  "experimentalBypassFor": [
    {
      "type": "header",
      "key": "next-action"
    },
    {
      "type": "header",
      "key": "content-type",
      "value": "multipart/form-data;.*"
    }
  ],
  "fallback": {
    "type": "FileFsRef",
    "mode": 33188,
    "fsPath": "login.prerender-fallback.html"
  },
  "initialHeaders": {
    "location": "/auth/signin",
    "x-nextjs-stale-time": "300",
    "x-nextjs-prerender": "1",
    "x-next-cache-tags": "_N_T_/layout,_N_T_/login/layout,_N_T_/login/page,_N_T_/login",
    "vary": "rsc, next-router-state-tree, next-router-prefetch, next-router-segment-prefetch"
  },
  "initialStatus": 307,
  "allowQuery": [],
  "allowHeader": [
    "host",
    "x-matched-path",
    "x-prerender-revalidate",
    "x-prerender-revalidate-if-generated",
    "x-next-revalidated-tags",
    "x-next-revalidate-tag-token"
  ]
}
